"","Var1","Var2","value"
"1","C1T1","C>A",0.0912432515219972
"2","C2T1","C>A",0.100043590040121
"3","C3T1","C>A",0.0927173739947448
"4","C3T2","C>A",0.0975717745463081
"5","C3T3","C>A",0.0892480051980527
"6","C4T1","C>A",0.100738167607469
"7","C20T1","C>A",0.0872259578583575
"8","C21T1","C>A",0.0897034157250777
"9","C22T1","C>A",0.0874252808127696
"10","C22T2","C>A",0.09947932618683
"11","C22T3","C>A",0.0980584524521971
"12","C23T1","C>A",0.101562205732796
"13","C24T1","C>A",0.0894721197391198
"14","C25T1","C>A",0.0853254873115116
"15","C26T1","C>A",0.0796861220022739
"16","C27T1","C>A",0.0933381343224686
"17","C28T1","C>A",0.097806282010606
"18","C29T1","C>A",0.0954916185438124
"19","C30T2","C>A",0.0860613093325789
"20","C30T3","C>A",0.0910499968581782
"21","C31T1","C>A",0.0949945268185889
"22","C6T1","C>A",0.0800234379915686
"23","C9T1","C>A",0.0931425653458306
"24","C9T2","C>A",0.0841006752608962
"25","C10T1","C>A",0.0894645189377449
"26","C10T6","C>A",0.0819459758805002
"27","C10T7","C>A",0.0871646202819463
"28","C11T1","C>A",0.0963654702107054
"29","C12T1","C>A",0.100607221511879
"30","C15T1","C>A",0.0878478240588435
"31","C19T1","C>A",0.100257130162692
"32","C1T1","C>G",0.0672263276792893
"33","C2T1","C>G",0.0756954390584551
"34","C3T1","C>G",0.0708456087268095
"35","C3T2","C>G",0.0742870555099167
"36","C3T3","C>G",0.0682145968801839
"37","C4T1","C>G",0.0746580547112462
"38","C20T1","C>G",0.0664209855662354
"39","C21T1","C>G",0.0659090613582285
"40","C22T1","C>G",0.0631779466182041
"41","C22T2","C>G",0.0723263260476124
"42","C22T3","C>G",0.0712554817569092
"43","C23T1","C>G",0.0749510339372481
"44","C24T1","C>G",0.0658844923152244
"45","C25T1","C>G",0.0663197975034074
"46","C26T1","C>G",0.0624408955192163
"47","C27T1","C>G",0.0683351748086181
"48","C28T1","C>G",0.0729365906721661
"49","C29T1","C>G",0.0698624777812742
"50","C30T2","C>G",0.0671209164273145
"51","C30T3","C>G",0.0703296818381752
"52","C31T1","C>G",0.0752512687829635
"53","C6T1","C>G",0.0599084502611213
"54","C9T1","C>G",0.0669708264332654
"55","C9T2","C>G",0.0608657623065596
"56","C10T1","C>G",0.0685275989276631
"57","C10T6","C>G",0.0634583149973052
"58","C10T7","C>G",0.0672862664847658
"59","C11T1","C>G",0.0720282211729049
"60","C12T1","C>G",0.0749911274679009
"61","C15T1","C>G",0.0664542200442897
"62","C19T1","C>G",0.0738020286813571
"63","C1T1","C>T",0.447069916146571
"64","C2T1","C>T",0.383592353061533
"65","C3T1","C>T",0.407382156222629
"66","C3T2","C>T",0.377015075055211
"67","C3T3","C>T",0.428169901502808
"68","C4T1","C>T",0.382775184541902
"69","C20T1","C>T",0.439457484793898
"70","C21T1","C>T",0.459512757501289
"71","C22T1","C>T",0.476074533073504
"72","C22T2","C>T",0.402895726019769
"73","C22T3","C>T",0.4092996105132
"74","C23T1","C>T",0.38500979321255
"75","C24T1","C>T",0.451049990383102
"76","C25T1","C>T",0.445557406485949
"77","C26T1","C>T",0.475901310127188
"78","C27T1","C>T",0.427107173861574
"79","C28T1","C>T",0.399107102388614
"80","C29T1","C>T",0.416181185735791
"81","C30T2","C>T",0.441704347659303
"82","C30T3","C>T",0.412091824979578
"83","C31T1","C>T",0.375632732941918
"84","C6T1","C>T",0.502603347385641
"85","C9T1","C>T",0.43261636258644
"86","C9T2","C>T",0.486111612641783
"87","C10T1","C>T",0.417844786105446
"88","C10T6","C>T",0.463219987836415
"89","C10T7","C>T",0.437022510231924
"90","C11T1","C>T",0.406482238826192
"91","C12T1","C>T",0.384873426644822
"92","C15T1","C>T",0.437628585036753
"93","C19T1","C>T",0.392997929724058
"94","C1T1","T>A",0.0849494582072979
"95","C2T1","T>A",0.0938742649740684
"96","C3T1","T>A",0.0891193566366749
"97","C3T2","T>A",0.0928028080357619
"98","C3T3","T>A",0.0848326138427687
"99","C4T1","T>A",0.0943199088145897
"100","C20T1","T>A",0.081670631482933
"101","C21T1","T>A",0.0841904068444525
"102","C22T1","T>A",0.0802566179851547
"103","C22T2","T>A",0.0918112209383266
"104","C22T3","T>A",0.0920787999489841
"105","C23T1","T>A",0.0965478925759916
"106","C24T1","T>A",0.0827053207672536
"107","C25T1","T>A",0.0802306211193562
"108","C26T1","T>A",0.0758343693219853
"109","C27T1","T>A",0.0871626154210402
"110","C28T1","T>A",0.0915605312060916
"111","C29T1","T>A",0.0934929963174322
"112","C30T2","T>A",0.0819855285808131
"113","C30T3","T>A",0.0860335546572272
"114","C31T1","T>A",0.0891962716024812
"115","C6T1","T>A",0.0792369282073869
"116","C9T1","T>A",0.0860412620085044
"117","C9T2","T>A",0.0795548012534255
"118","C10T1","T>A",0.0884276974543455
"119","C10T6","T>A",0.0786776303753406
"120","C10T7","T>A",0.0846066393815371
"121","C11T1","T>A",0.0897718320177838
"122","C12T1","T>A",0.0941266268334541
"123","C15T1","T>A",0.0823582557117535
"124","C19T1","T>A",0.0936587164289158
"125","C1T1","T>C",0.236507830148945
"126","C2T1","T>C",0.263492896602646
"127","C3T1","T>C",0.261938649574011
"128","C3T2","T>C",0.275751885715505
"129","C3T3","T>C",0.254104049657155
"130","C4T1","T>C",0.264623136488638
"131","C20T1","T>C",0.250241785038204
"132","C21T1","T>C",0.228222097977263
"133","C22T1","T>C",0.223892623327713
"134","C22T2","T>C",0.25393846582208
"135","C22T3","T>C",0.251272944893014
"136","C23T1","T>C",0.259035180232777
"137","C24T1","T>C",0.238643318004581
"138","C25T1","T>C",0.251049261190317
"139","C26T1","T>C",0.237730175427412
"140","C27T1","T>C",0.248071383474075
"141","C28T1","T>C",0.258088201967094
"142","C29T1","T>C",0.247331626708397
"143","C30T2","T>C",0.249303520995066
"144","C30T3","T>C",0.262797687619127
"145","C31T1","T>C",0.283145918333499
"146","C6T1","T>C",0.213321116214686
"147","C9T1","T>C",0.245519927078014
"148","C9T2","T>C",0.221239222105867
"149","C10T1","T>C",0.25963499301148
"150","C10T6","T>C",0.241338389956636
"151","C10T7","T>C",0.249602091859936
"152","C11T1","T>C",0.256564784753341
"153","C12T1","T>C",0.263730547277227
"154","C15T1","T>C",0.251042183257308
"155","C19T1","T>C",0.25789588119074
"156","C1T1","T>G",0.0730032162958992
"157","C2T1","T>G",0.0833014562631771
"158","C3T1","T>G",0.077996854845131
"159","C3T2","T>G",0.0825714011372972
"160","C3T3","T>G",0.0754308329190315
"161","C4T1","T>G",0.0828855478361557
"162","C20T1","T>G",0.0749831552603716
"163","C21T1","T>G",0.0724622605936886
"164","C22T1","T>G",0.0691729981826542
"165","C22T2","T>G",0.0795489349853822
"166","C22T3","T>G",0.0780347104356954
"167","C23T1","T>G",0.0828938943086369
"168","C24T1","T>G",0.0722447587907188
"169","C25T1","T>G",0.0715174263894598
"170","C26T1","T>G",0.0684071276019253
"171","C27T1","T>G",0.0759855181122248
"172","C28T1","T>G",0.0805012917554276
"173","C29T1","T>G",0.0776400949132938
"174","C30T2","T>G",0.0738243770049245
"175","C30T3","T>G",0.0776972540477138
"176","C31T1","T>G",0.0817792815205493
"177","C6T1","T>G",0.0649067199395961
"178","C9T1","T>G",0.0757090565479457
"179","C9T2","T>G",0.0681279264314688
"180","C10T1","T>G",0.0761004055633206
"181","C10T6","T>G",0.0713597009538031
"182","C10T7","T>G",0.0743178717598909
"183","C11T1","T>G",0.0787874530190734
"184","C12T1","T>G",0.0816710502647175
"185","C15T1","T>G",0.0746689318910532
"186","C19T1","T>G",0.0813883138122383
