"","knn.EpCAM","knn.EpCAM..SMA","knn.SMA","knn.Unclass","knn.EpMIN","knn.EpStrRatio1","knn.EpStrRatio2","knn.EpStrRatio3","knn.EpStrRatio4","IF.CD8","IF.EpCAM","IF.EpCAM..SMA","IF.SMA","IF.Unclass","IF.EpMIN","IF.EpStrRatio1","IF.EpStrRatio2","IF.EpStrRatio3","IF.EpStrRatio4","MH.EpCAM","MH.EpCAM..SMA","MH.SMA","MH.Unclass","MH.EpMIN","MH.EpStrRatio1","MH.EpStrRatio2","MH.EpStrRatio3","MH.EpStrRatio4","Treatment","Growth","Infil","CD8frac","GrowthRate","TumSize","knn.EpCAMcut","MH.EpCAMcut","IF.EpCAMcut","CD8Fraccut","CD8","EpCAM","EpCAM: SMA","SMA","Unclass","CD8","EpCAM","EpCAM: SMA","SMA","Unclass","Trichrome"
"10LB",39.9619294720996,52.7225336699768,16.9493539789847,28.0762263357204,39.9619294720996,0.573573227604308,2.35772581784816,1.33029929674165,5.46831833573095,0.205382630863877,0.223655487199841,0.0803883554429298,0.590501778435892,0.301082327079549,0.0803883554429298,0.33337125694002,0.378754976474846,0.453194684627287,0.514890646812471,0.4189066729853,0.413153986444824,0.571849551351892,0.516823402950778,0.413153986444824,0.425284434939515,0.732546999459868,0.844728599951327,1.45503420867093,"PDL1","growing","Infiltrating",0.02289774,6.22857142857142,35,NA,"high","low","low",0.0228977401821137,0.266314906408934,0.120030410542321,0.393649789398256,0.197107153468375,0.0228977401821137,0.266314906408934,0.120030410542321,0.393649789398256,0.197107153468375,0.12664383309166
"10LC",32.1225777378723,34.5773378976414,17.8734545331956,24.2862577170351,32.1225777378723,0.612432648757976,1.79722267333449,1.27166650005271,3.73178646084532,0.0784257397299627,0.316862970410801,0.237575409365125,0.476874461361678,0.37144498707268,0.237575409365125,0.443506232408523,0.6644578313253,0.776035383996782,1.16265060240964,0.409745600073024,0.451464942082663,0.46998671169617,0.505688112891806,0.409745600073024,0.444674008009726,0.871823798154341,0.93462368711793,1.83241466348612,"PDL1","growing","Infiltrating",0.010034071,5.35714285714286,25,"high","low","high","low",0.0100340714520434,0.296041139404701,0.167235485042575,0.308196749664186,0.218492554436495,0.0100340714520434,0.296041139404701,0.167235485042575,0.308196749664186,0.218492554436495,0.150025705049749
"10LD",34.3310980038422,30.1813313277352,15.9708642750149,35.9949538858457,30.1813313277352,0.74386705887935,2.14960802450437,1.39781929091437,4.03938247928772,0.281622167443794,0.294437349648065,0.256377891954501,0.578673042083692,0.145020937899082,0.256377891954501,0.352598072340577,0.508814698863199,0.659618735996017,0.951859170109575,0.66228436878808,0.598719929510837,0.69679032962881,0.589495353916096,0.598719929510837,0.511215070753593,0.950478703028052,0.973364965196304,1.8097327771048,"PDL1","stable","Infiltrating",0.068108769,1.97297297297297,10,"high","high","high","high",0.0681087685159526,0.194893106594036,0.206384476435713,0.406670294171786,0.123943354282513,0.0681087685159526,0.194893106594036,0.206384476435713,0.406670294171786,0.123943354282513,0.176618842694733
"10NA",23.8097655692235,NA,27.4927614773069,48.1920548844928,23.8097655692235,0.866037614623638,0.866037614623638,0.866037614623638,0.866037614623638,0.35915415397041,0.480854656925731,NA,0.320716619552847,0.111274275854473,0.480854656925731,1.49931318681319,1.49931318681319,1.49931318681319,1.49931318681319,0.431468081941056,NA,0.472028465768945,0.376807530859589,0.431468081941056,0.914072165622861,0.914072165622861,0.914072165622861,0.914072165622861,"PDL1",NA,"restricted",0.046562712,NA,12,"high","high","high","high",0.046562711539908,0.555444823554349,0,0.285519900990776,0.112472563914967,0.046562711539908,0.555444823554349,0,0.285519900990776,0.112472563914967,NA
"10ND",26.2080114341122,NA,30.0620994045927,40.017617335768,26.2080114341122,0.871795781172499,0.871795781172499,0.871795781172499,0.871795781172499,0.300866566451499,0.440887788487046,NA,0.173843841188434,0.142629763904855,0.440887788487046,2.53611393692777,2.53611393692777,2.53611393692777,2.53611393692777,0.370057230498451,NA,0.30885131587711,0.285460351471176,0.370057230498451,1.19817275004162,1.19817275004162,1.19817275004162,1.19817275004162,"PDL1","stable","restricted",0.022719488,0.393053320756811,15,"high","low","high","low",0.0227194879526846,0.465147815290904,0,0.283720378932692,0.228412317823719,0.0227194879526846,0.465147815290904,0,0.283720378932692,0.228412317823719,NA
"10RBL",44.9270325366952,67.362948168925,18.227737713612,26.0789306004034,44.9270325366952,0.524905625810175,2.46476185045964,1.31194159209946,6.16039041541425,0.127910403772473,0.221338048924256,0.203949307397583,0.575891541408783,0.45446507515473,0.203949307397583,0.283824640967498,0.384339815762539,0.545351473922903,0.738485158648925,0.550368165908437,0.490318293894687,0.651371486003653,0.556850050330257,0.490318293894687,0.482064546428228,0.844937455406745,0.911531729657587,1.59768501103422,"PDL1","growing","restricted",0.020271481,4.97619047619048,40,NA,"high","low","low",0.0202714813177359,0.347853361851617,0.150545471925821,0.254764664412288,0.226565020492538,0.0202714813177359,0.347853361851617,0.150545471925821,0.254764664412288,0.226565020492538,NA
"10RBU",87.1290119223447,76.1212139820092,20.7838391797493,35.2322583582712,76.1212139820092,0.899117322364034,4.19215194886798,1.68464100248569,7.85467133826827,0.43176872689031,0.0816202095465047,0.311947954600122,0.472341092036002,0.287748857451319,0.0816202095465047,0.10406904176028,0.172799298902166,0.50181519917264,0.833228721325454,0.346221408273482,0.403100706047679,0.568264346773485,0.540852196745214,0.346221408273482,0.35642769653689,0.609261183178695,0.771411440163389,1.31861539189585,"PDL1",NA,"restricted",0.067064099,NA,12,NA,"low","low","high",0.0670640985529038,0.163958472607062,0.335904973488285,0.286529107365132,0.146543347986618,0.0670640985529038,0.163958472607062,0.335904973488285,0.286529107365132,0.146543347986618,0.145513854031148
"10RC",25.684014726961,94.6472227236652,31.71923347689,16.9412440359339,25.684014726961,0.203250257221727,0.80972999381192,0.952240341848706,3.79363636067363,0.169500822819528,0.411958310477235,0.0142622051563357,0.157981349424026,0.579813494240263,0.0142622051563357,2.39171974522293,2.60763888888889,2.47452229299363,2.69791666666667,0.670392668996281,0.438248936676857,0.638304997161801,0.704540337077232,0.438248936676857,0.622720931970281,1.05027012474782,1.02980591201786,1.73685246175836,"PDL1",NA,"Infiltrating",NA,NA,4,"high","high","high",NA,0.0417305711342566,0.361817557514021,0.027675403456564,0.131143413070848,0.43763305482431,0.0417305711342566,0.361817557514021,0.027675403456564,0.131143413070848,0.43763305482431,NA
"11LB",69.1029642114784,7919.73814699934,6967.17454887033,17.4776096943474,69.1029642114784,0.00464185997615549,0.00991836270596707,0.536635182486648,1.14664001241452,0.692943711696291,0.208010474138151,0,1.01888503410718e-05,0.577473470780924,0,20415.5,20415.5,20415.5,20415.5,0.274440286831825,0.000405720777833044,0.000507716265826994,0.599253453685144,0.000405720777833044,300.447949573157,540.538693171082,300.892118966822,541.337802447544,"PDL1","growing",NA,0.152177739,3.78571428571429,25,NA,"low","low","high",0.152177738773681,0.455467236429688,1.00783553364504e-05,3.64371308317822e-05,0.392308509310462,0.152177738773681,0.455467236429688,1.00783553364504e-05,3.64371308317822e-05,0.392308509310462,0.133181297679202
"11ND",26.8977347268818,115.537832166079,92.9823657270467,27.030770888554,26.8977347268818,0.128993426050113,0.289277805706096,0.683078034320514,1.53185569951066,0.895123167921705,0.4326199016557,0.0146566263629237,0.00798156638240255,0.276599282609212,0.0146566263629237,19.1101783840504,54.2023809523809,19.7576075550892,56.0386904761905,0.716537670403139,0.439396106346871,0.513415817760222,0.728627988562081,0.439396106346871,0.752024247675769,1.39562834960761,1.21318147632679,2.2514572725725,"PDL1","stable","Infiltrating",0.380067171,0.10655737704918,3,"high","high","high","high",0.380067171051444,0.423177624094906,0.018544266084036,0.014002997417887,0.164207941351727,0.380067171051444,0.423177624094906,0.018544266084036,0.014002997417887,0.164207941351727,0.374043581170937
"11RC",153.335126312092,178.570277858514,70.2646798349859,25.5393123173911,153.335126312092,0.616212158184627,2.18225040905607,1.33383752527017,4.7236450084178,0.789417223829957,0.0386687955293883,0.0222283205268935,0.05326314739048,0.428649835345774,0.0222283205268935,0.512227362855255,0.725995316159251,0.806675479180436,1.14332552693208,0.0322612881366426,0.0348856968756196,0.0474261243538636,0.213933160167278,0.0322612881366426,0.39193991403372,0.680242979500694,0.815763568455838,1.41582273329471,"PDL1","growing","restricted",0.050418604,2.67857142857143,19,NA,"low","low","high",0.050418603715108,0.311258528044436,0.173017418342088,0.208405029282135,0.256900420616233,0.050418603715108,0.311258528044436,0.173017418342088,0.208405029282135,0.256900420616233,0.124598668056126
"11RD",73.8246082169253,68.8985902373071,24.2694839967484,26.2698530241219,68.8985902373071,0.792380961223522,3.04186970875921,1.53188954078503,5.88076773586757,0.26605627662072,0.232350672435188,0.125129959419123,0.344769762216185,0.443371231176845,0.125129959419123,0.494468631789309,0.673929961089495,0.760759403325959,1.03686770428016,0.320590315747783,0.305109733093232,0.358313422477238,0.472739748426804,0.305109733093232,0.483236548281332,0.894720363896356,0.943138694492782,1.7462367011405,"PDL1","growing","restricted",0.022445242,3.64285714285714,25,NA,"low","low","low",0.0224452418752018,0.265034819219336,0.149355669424051,0.282367270310208,0.280796999171204,0.0224452418752018,0.265034819219336,0.149355669424051,0.282367270310208,0.280796999171204,0.161619227345989
"12LC",23.9679514376733,185.039122479244,202.99399882031,19.4196462214514,23.9679514376733,0.0617677979585936,0.118072216799324,0.538632045679338,1.02962193528652,0.511887072808321,0.434249628528975,0.0115156017830609,0.00185735512630015,0.540118870728083,0.0115156017830609,32.4722222222223,233.8,33.3333333333334,240,0.510704274133774,0.379674639241913,0.286182533395526,0.693955828594035,0.379674639241913,0.766987719169399,1.78454033540874,1.33719204352628,3.11122730940786,"PDL1",NA,"Infiltrating",NA,NA,4,"high","high","high",NA,0.107059057466693,0.581189103201432,0.0114933386359117,0.00497116723006562,0.295287333465898,0.107059057466693,0.581189103201432,0.0114933386359117,0.00497116723006562,0.295287333465898,NA
"12LD",12.7475805953277,285.853432885354,355.949147074118,26.9763572577945,12.7475805953277,0.0198621523087873,0.0358129263691516,0.465253682058332,0.838886722823092,0.107865168539326,0.83623595505618,0.0230337078651685,0.000280898876404494,0.389606741573034,0.0230337078651685,35.8674698795181,2977.00000000001,36.8554216867471,3059.00000000001,0.743602340944354,0.16704090919141,0.157418751244494,0.698907822403598,0.16704090919141,2.29181754041578,4.72372150754412,2.80664551307345,5.78484610592167,"PDL1","stable","Infiltrating",0.022369256,0.77027027027027,6,"high","high","high","low",0.0223692560965648,0.739762609411425,0.0110840920658259,0.0019855856535153,0.224798456772669,0.0223692560965648,0.739762609411425,0.0110840920658259,0.0019855856535153,0.224798456772669,0.276814784264216
"13NA",70.8010078561864,NA,22.2120559237338,41.3666397039867,70.8010078561864,3.18750358360726,3.18750358360726,3.18750358360726,3.18750358360726,0.467845923586783,0.12793375108962,NA,0.484983799608559,0.260538477985559,0.12793375108962,0.263789741415854,0.263789741415854,0.263789741415854,0.263789741415854,0.266582979498341,NA,0.374188971371211,0.278262592783395,0.266582979498341,0.712428745618693,0.712428745618693,0.712428745618693,0.712428745618693,"Vehicle","growing","restricted",0.035581068,6.2,35,NA,"low","low","high",0.0355810679060535,0.338458463882884,0,0.35738956298038,0.268570905230682,0.0355810679060535,0.338458463882884,0,0.35738956298038,0.268570905230682,0.166215509004265
"14NB",49.2224298887209,100.58772933057,30.4816294488985,18.5134968484564,49.2224298887209,0.375544904980732,1.61482278928824,1.14298384164185,4.914768728832,0.505367119118383,0.254006189294359,0.0380039015023848,0.248899510780198,0.543044193195862,0.0380039015023848,0.88533694065715,1.02051702913418,1.01779929514791,1.17320475995076,0.408096217105301,0.280567794120776,0.466204789886333,0.646010947966937,0.280567794120776,0.546479913490525,0.875358267350278,0.922187056641492,1.47717060434746,"PDL1+LY","growing","restricted",0.106152005,3.31506849315069,23,NA,"low","low","high",0.106152004735647,0.368885019612605,0.063993035302689,0.181603615050858,0.2793663252982,0.106152004735647,0.368885019612605,0.063993035302689,0.181603615050858,0.2793663252982,0.142755297464136
"14NC",45.494853238138,76.7638756921953,44.4668605181252,19.2643222967983,45.494853238138,0.375274906845488,1.02311817627857,1.00847963769047,2.74943469149344,0.420674551029347,0.393517301795883,0.118615856329391,0.123959702146299,0.495575996495839,0.118615856329391,1.62224629830264,3.17455830388692,2.11123149151318,4.13144876325088,0.294291673348023,0.234610002929214,0.350532174208352,0.611587429529901,0.234610002929214,0.502940455920742,0.839556808195015,0.903885751091385,1.50885343826631,"PDL1+LY","stable","restricted",0.054129798,0.55952380952381,6,NA,"low","high","high",0.0541297977067744,0.546049449455146,0.126293377338986,0.0814721028821806,0.192055272616914,0.0541297977067744,0.546049449455146,0.126293377338986,0.0814721028821806,0.192055272616914,0.15485032053922
"14RD",22.1832643188894,43.2761676430318,31.5034609637733,22.4092032065563,22.1832643188894,0.296648495481705,0.704153246667042,0.87536449674162,2.07784890800394,0.121695533272562,0.5,0.192798541476755,0.168185961713765,0.479945305378304,0.192798541476755,1.38510101010101,2.97289972899729,1.91919191919192,4.11924119241192,0.53977638297987,0.475338231187073,0.545100182748972,0.557763881113521,0.475338231187073,0.528965173799994,0.990233355376522,0.994782830892688,1.86225330002214,"PDL1+LY","stable","Infiltrating",0.010337062,-0.166666666666667,1,"high","high","high","low",0.0103370617114103,0.507712748414576,0.132525465733159,0.089090018186444,0.260334705954411,0.0103370617114103,0.507712748414576,0.132525465733159,0.089090018186444,0.260334705954411,0.0217913475951452
"15LB",32.6957878212506,70.4688204470277,20.8917800036548,15.8320599193818,32.6957878212506,0.357876236145144,1.56500728111874,1.12920238876897,4.93804779919331,0.106456692913386,0.222677165354331,0.0332283464566929,0.461574803149606,0.650236220472441,0.0332283464566929,0.450031826861872,0.482429205049472,0.517186505410567,0.554418287273969,0.328996990087085,0.293118765051235,0.387811316911857,0.381770824927332,0.293118765051235,0.483158254866052,0.848342933122451,0.91362648180381,1.60417122453318,"PDL1+LY","growing","restricted",0.01296122,3.5,10,"high","low","low","low",0.0129612204366809,0.215390990012716,0.0414452883412291,0.266750081135199,0.463452420074175,0.0129612204366809,0.215390990012716,0.0414452883412291,0.266750081135199,0.463452420074175,0.00295475085300382
"15NC-D",39.2281808267701,NA,23.0636859928962,22.1894313245735,39.2281808267701,1.70086346297173,1.70086346297173,1.70086346297173,1.70086346297173,0.134485349361382,0.129977460555973,NA,0.36839469070874,0.300525920360631,0.129977460555973,0.352821210061183,0.352821210061183,0.352821210061183,0.352821210061183,0.407644818877978,NA,0.491842636490167,0.395855078702098,0.407644818877978,0.828811470650385,0.828811470650385,0.828811470650385,0.828811470650385,"PDL1+LY","growing","restricted",0.01078746,2.68571428571429,22,"high","low","low","low",0.010787460286585,0.224532084116795,0,0.267973697291923,0.496706758304696,0.010787460286585,0.224532084116795,0,0.267973697291923,0.496706758304696,NA
"15ND",15.5442937646535,53.4327554106199,37.2896843417231,17.3359761878132,15.5442937646535,0.171339018296761,0.416852382610842,0.760308578159595,1.84976221689535,0.0286054827175209,0.602502979737783,0.0643623361144219,0.187723480333731,0.49284862932062,0.0643623361144219,2.39007092198581,3.2095238095238,2.64539007092198,3.55238095238094,0.534743179394668,0.640828809790353,0.595393804950183,0.487694267474388,0.534743179394668,0.432562204426993,0.898133596535171,0.950938750972255,1.97444444233574,"PDL1+LY","stable","Infiltrating",0.010472054,-0.228571428571429,3,"high","high","high","low",0.0104720537207619,0.401776130207943,0.0548253825607229,0.104215032826581,0.428711400683991,0.0104720537207619,0.401776130207943,0.0548253825607229,0.104215032826581,0.428711400683991,0.126578024868847
"15RD",91.0751669576987,NA,NA,11.5258914612054,91.0751669576987,NA,NA,NA,NA,0.221662992388004,0.157896926084605,NA,NA,0.881910070296577,0.157896926084605,NA,NA,NA,NA,0.359613877204496,NA,NA,0.485230973089606,0.359613877204496,NA,NA,NA,NA,"PDL1+LY","growing","restricted",0.032831235,3.5,17,NA,"low","low","low",0.0328312348073089,0.149980881107803,0,0,0.817187884084888,0.0328312348073089,0.149980881107803,0,0,0.817187884084888,0.140691073282721
"16LA",31.2686681101422,NA,19.1900617014782,27.7974963810797,31.2686681101422,1.62941988392531,1.62941988392531,1.62941988392531,1.62941988392531,0.353618689756576,0.275036758699559,NA,0.448047704623428,0.301829766378043,0.275036758699559,0.613855970829535,0.613855970829535,0.613855970829535,0.613855970829535,0.289352602045103,NA,0.303233846951041,0.466695158062453,0.289352602045103,0.954222640231256,0.954222640231256,0.954222640231256,0.954222640231256,"PDL1+LY",NA,"Infiltrating",0.017152841,NA,5,"high","low","high","low",0.0171528413159012,0.424868397270005,0,0.374246358068715,0.183732403345379,0.0171528413159012,0.424868397270005,0,0.374246358068715,0.183732403345379,NA
"16LC",71.6454218187546,NA,65.5135345792109,21.5624234388354,71.6454218187546,1.09359725862646,1.09359725862646,1.09359725862646,1.09359725862646,0.654297812895621,0.241148993757367,NA,0.12934910725979,0.363513336534684,0.241148993757367,1.8643266959163,1.8643266959163,1.8643266959163,1.8643266959163,0.0605609635688094,NA,0.0549539505203155,0.169605947011658,0.0605609635688094,1.10203111869857,1.10203111869857,1.10203111869857,1.10203111869857,"PDL1+LY","stable","Infiltrating",0.047692612,0.647540983606557,7,NA,"low","low","high",0.0476926119861338,0.477450786479425,0,0.239858006891454,0.234998594642987,0.0476926119861338,0.477450786479425,0,0.239858006891454,0.234998594642987,NA
"16LD",38.8586183513779,NA,19.424460317679,22.6161297328567,38.8586183513779,2.00049925279062,2.00049925279062,2.00049925279062,2.00049925279062,0.242000603456946,0.300162358654578,NA,0.492047299530166,0.380652020862369,0.300162358654578,0.610027448461133,0.610027448461133,0.610027448461133,0.610027448461133,0.525139005115229,NA,0.546942554754855,0.676143030283613,0.525139005115229,0.960135576487738,0.960135576487738,0.960135576487738,0.960135576487738,"PDL1+LY","stable","Infiltrating",0.031616767,1.91517857142857,24,"high","high","high","low",0.0316167665758732,0.354175562795616,0,0.411457244977132,0.202750425651378,0.0316167665758732,0.354175562795616,0,0.411457244977132,0.202750425651378,0.1935505629915
"16ND",29.8404496162519,40.3470121992023,26.3342130305681,47.0690260529832,29.8404496162519,0.447509017919625,1.13314377694195,1.05258206599537,2.66525761502659,0.449265895911806,0.284293873877797,0.0509409450819018,0.309818778259197,0.0600419488050397,0.0509409450819018,0.788042166250906,0.917613436716719,0.929246801319708,1.08203518470801,0.472148814238395,0.467696314892718,0.531524819841691,0.426407410659472,0.467696314892718,0.472516841193407,0.888291189071885,0.940577712440922,1.76820553631162,"PDL1","stable","Infiltrating",0.07533082,1.07457627118644,25,"high","high","high","high",0.0753308198822148,0.375935710177509,0.132690974538186,0.312897875011208,0.103144620390882,0.0753308198822148,0.375935710177509,0.132690974538186,0.312897875011208,0.103144620390882,0.359852126250554
"16RD",56.3160400554865,NA,16.5123579147296,34.656263513854,56.3160400554865,3.41053896398713,3.41053896398713,3.41053896398713,3.41053896398713,0.295986253689915,0.235493677578535,NA,0.61149050535313,0.282504295721902,0.235493677578535,0.385114201311335,0.385114201311335,0.385114201311335,0.385114201311335,0.35460682729618,NA,0.466904254400708,0.461018414042277,0.35460682729618,0.759485106322994,0.759485106322994,0.759485106322994,0.759485106322994,"PDL1","stable","Infiltrating",0.030648594,-0.102739726027397,3,NA,"low","low","low",0.0306485937592836,0.242856718465585,0,0.503444709110452,0.223049978664679,0.0306485937592836,0.242856718465585,0,0.503444709110452,0.223049978664679,NA
"17NA",61.8664174149397,NA,22.481602620028,21.5710061661331,61.8664174149397,2.75186864835985,2.75186864835985,2.75186864835985,2.75186864835985,0.375712334368665,0.0907524861013233,NA,0.386196156221996,0.552449560201498,0.0907524861013233,0.234990650836919,0.234990650836919,0.234990650836919,0.234990650836919,0.30394425787058,NA,0.32866261065087,0.613918501736772,0.30394425787058,0.924791101940866,0.924791101940866,0.924791101940866,0.924791101940866,"Vehicle","growing","restricted",0.047268702,6.8,28,NA,"low","low","high",0.0472687015058753,0.182683975918826,0,0.515150256476267,0.254897066099032,0.0472687015058753,0.182683975918826,0,0.515150256476267,0.254897066099032,0.299769371626505
"17ND",15.0638795777243,232.024379910668,111.853705641937,18.0178993686866,15.0638795777243,0.0438058725187939,0.134674837022802,0.718534474481927,2.20903060895778,0.324635283501278,0.666416002406377,0.000300797112347721,0.00293277184539028,0.485185742216875,0.000300797112347721,206.093023255814,227.23076923077,206.186046511628,227.333333333334,0.832151383559255,0.299347880005409,0.555012882344682,0.803004547970559,0.299347880005409,0.974004683068842,1.49933706050891,1.32438112028021,2.0386900909121,"Vehicle","stable","Infiltrating",0.11152672,-0.384615384615384,4,"high","high","high","high",0.111526720118085,0.5278355530209,0.00170250595457748,0.0111711228152571,0.347764098091181,0.111526720118085,0.5278355530209,0.00170250595457748,0.0111711228152571,0.347764098091181,0.350950798461984
"17RB",16.7082773675647,88.4812071266105,95.1323048182837,35.714729746502,16.7082773675647,0.0909969924902867,0.17563200428582,0.572885314266765,1.10571781788639,0.389057290087905,0.627556135891995,0.078800102595192,0.0414694429547415,0.213374682304661,0.078800102595192,5.21791392012408,15.1329772280011,5.87310973245444,17.0331740230531,0.432876013656983,0.307327473674931,0.263026034299497,0.495864254524227,0.307327473674931,0.758960903377824,1.64575348904088,1.29779772892201,2.8141833537629,"Vehicle","growing","Infiltrating",0.04110736,8.21428571428571,35,"high","high","high","high",0.0411073596330847,0.660611956857736,0.12023329986557,0.0539738376342205,0.124073546009389,0.0411073596330847,0.660611956857736,0.12023329986557,0.0539738376342205,0.124073546009389,0.34230818181261
"2N",47.7725991706215,87.6000093785154,35.1541298238559,19.2026160560444,47.7725991706215,0.389173020812472,1.35894699740804,1.10279465465489,3.85083087612858,0.384651849690959,0.28264080077306,0.0808521888161613,0.244872098747425,0.590296643389793,0.0808521888161613,0.867730198712567,1.1542384870258,1.1159529806885,1.48441979077473,0.402594374227138,0.271154157598384,0.347731623912152,0.498009012593303,0.271154157598384,0.650514822370797,1.15777325541391,1.08864761795154,1.93755323213207,"Vehicle","growing","restricted",0.030104097,11.7,47,NA,"low","high","low",0.0301040967138085,0.313685928213308,0.092148273941956,0.196137408430651,0.367924292700277,0.0301040967138085,0.313685928213308,0.092148273941956,0.196137408430651,0.367924292700277,0.126077261157979
"2RA",44.8085737802091,534.054430609626,132.807954298937,15.3104812717432,44.8085737802091,0.0671931342871484,0.337393750372433,0.868039669787652,4.3586470964448,0.346467844051983,0.437104298567144,0.000958013995334888,0.0452765744751749,0.685688103965345,0.000958013995334888,9.45405405405406,9.65409383624655,9.47477477477478,9.67525298988041,0.610247878005195,0.0311932047672934,0.296630844850466,0.77223377482311,0.0311932047672934,1.86151040082855,2.05726372897204,1.9566626778005,2.16242206064526,"Vehicle","growing","restricted",0.085819175,3.54285714285714,20,NA,"high","high","high",0.0858191749091156,0.430418479290512,0.00169078930906413,0.0391991449539054,0.442872411537403,0.0858191749091156,0.430418479290512,0.00169078930906413,0.0391991449539054,0.442872411537403,0.19008060786476
"2RD",38.6122145002545,73.1522125847403,27.6663367297125,21.6238408687143,38.6122145002545,0.38298720585458,1.39563885444894,1.10857007807563,4.03972626289061,0.321979330993851,0.197900904671453,0.17401242715946,0.24921927819452,0.521618750201217,0.17401242715946,0.467594705613876,0.794083451750421,0.878746386733608,1.49231365456659,0.623193269777112,0.477861391125973,0.590344530263587,0.619317289102703,0.477861391125973,0.583401811671705,1.05564333677972,1.03075131756506,1.86510521307188,"Vehicle","growing","restricted",0.074219478,20,20,"high","high","low","high",0.0742194780431157,0.265962886676766,0.122200132854801,0.182066035526712,0.355551466898605,0.0742194780431157,0.265962886676766,0.122200132854801,0.182066035526712,0.355551466898605,NA
"3LA",46.0960082025034,104.055734519621,65.9897286838817,41.8889614629541,46.0960082025034,0.271080494204881,0.69853307661443,0.883009401682358,2.27538051325251,0.42436282932417,0.286523959526537,0.0929863497518137,0.0477520045819015,0.238795819014891,0.0929863497518137,2.03586265366681,6.00024987506247,2.6965663416702,7.94752623688156,0.375872887784308,0.342740286633196,0.338897592959843,0.353057313846549,0.342740286633196,0.551426056322922,1.109104625092,1.0542447770751,2.12044342994981,"Vehicle","growing","restricted",0.053124641,3,12,NA,"low","high","high",0.0531246414587471,0.395391528632906,0.147560841875463,0.0995966589184779,0.304326329114405,0.0531246414587471,0.395391528632906,0.147560841875463,0.0995966589184779,0.304326329114405,0.0974472884287867
"3NB",32.3115937542865,NA,62.6416107193287,29.7078643603586,32.3115937542865,0.515816777111008,0.515816777111008,0.515816777111008,0.515816777111008,0.723386802770689,0.437791145137117,NA,0.0275246080933285,0.221877911451371,0.437791145137117,15.9054451802796,15.9054451802796,15.9054451802796,15.9054451802796,0.682212244221748,NA,0.554339875145274,0.664032359326342,0.682212244221748,1.23067503315175,1.23067503315175,1.23067503315175,1.23067503315175,"Vehicle","stable","Infiltrating",0.276829918,0.0245901639344268,6,"high","high","high","high",0.276829917860447,0.473121022679488,0,0.0426761234616355,0.20737293599843,0.276829917860447,0.473121022679488,0,0.0426761234616355,0.20737293599843,0.433978944576645
"3RB",42.6316241357437,NA,29.9925367263929,46.1609657575577,42.6316241357437,1.42140774968956,1.42140774968956,1.42140774968956,1.42140774968956,0.177995891349007,0.291075097009815,NA,0.359233051814654,0.205569504679297,0.291075097009815,0.810268140805693,0.810268140805693,0.810268140805693,0.810268140805693,0.41838202247805,NA,0.477845488963881,0.458232472246002,0.41838202247805,0.875559217656807,0.875559217656807,0.875559217656807,0.875559217656807,"Vehicle","growing","restricted",0.026655358,7.68571428571428,35,NA,"high","high","low",0.0266553579642389,0.436608192400455,0,0.380376399695298,0.156360049940009,0.0266553579642389,0.436608192400455,0,0.380376399695298,0.156360049940009,0.12018569287281
"3RC",32.119384471498,55.928337202601,37.3275801509165,27.3109998317383,32.119384471498,0.344421945362875,0.860473257083325,0.944151579575641,2.35878461229256,0.20391754340946,0.296210760413994,0.0879308870070995,0.200496108117355,0.316568300402019,0.0879308870070995,1.02698695136418,1.4773890784983,1.33185053380783,1.91595563139932,0.455199454700917,0.451858665096798,0.510319917687938,0.446947289533781,0.451858665096798,0.473092482877222,0.891988415351785,0.942712856040205,1.77743036937936,"Vehicle","growing","Infiltrating",0.023213931,5.54285714285714,32,"high","high","high","low",0.0232139311385568,0.388552877169294,0.11600413009809,0.151344267503276,0.320884794090783,0.0232139311385568,0.388552877169294,0.11600413009809,0.151344267503276,0.320884794090783,0.154296069680264
"4LB",30.9911728633493,57.0493044709923,28.0693742368886,16.6699339357226,30.9911728633493,0.364093678776524,1.10409204714727,1.0343261745931,3.1365315304621,0.217271959459459,0.290329391891892,0.122387035472973,0.238175675675676,0.571473817567568,0.122387035472973,0.805211917136373,1.21897163120567,1.14464534075104,1.73282358156028,0.496627482445952,0.456820340992883,0.571244388175496,0.601268929848173,0.456820340992883,0.483070246800202,0.869378312900607,0.927420031431384,1.66907166735425,"Vehicle","growing","Infiltrating",0.024447388,6.87837837837838,35,"high","high","high","low",0.0244473882371464,0.349872271946222,0.105386775000532,0.149662177203559,0.37063138761254,0.0244473882371464,0.349872271946222,0.105386775000532,0.149662177203559,0.37063138761254,0.185753281488712
"4NC",15.3310577263542,NA,30.6815942217687,155.449558378573,15.3310577263542,0.499682565890815,0.499682565890815,0.499682565890815,0.499682565890815,0.267504488330341,0.685143626570916,NA,0.218806104129264,0.0832585278276481,0.685143626570916,3.13128205128205,3.13128205128205,3.13128205128205,3.13128205128205,0.0923786763831029,NA,0.0873790631659689,0.0627896759185642,0.0923786763831029,1.05721751911711,1.05721751911711,1.05721751911711,1.05721751911711,"Vehicle","growing","restricted",0.008138783,3,15,"high","low","high","low",0.00813878305467377,0.723584571380561,0,0.176530861987719,0.0917457835770463,0.00813878305467377,0.723584571380561,0,0.176530861987719,0.0917457835770463,0.294572883370248
"4ND",20.7555590473918,NA,14.3065744610314,39.6727092985905,20.7555590473918,1.45077070013694,1.45077070013694,1.45077070013694,1.45077070013694,0.0356608478802993,0.476807980049875,NA,0.716957605985037,0.127182044887781,0.476807980049875,0.66504347826087,0.66504347826087,0.66504347826087,0.66504347826087,0.510742864613313,NA,0.536742913349177,0.420006658031689,0.510742864613313,0.951559586369518,0.951559586369518,0.951559586369518,0.951559586369518,"Vehicle","growing","Infiltrating",0.007624516,4.3,20,"high","high","high","low",0.00762451633757023,0.377689258178292,0,0.504436860068259,0.110249365415878,0.00762451633757023,0.377689258178292,0,0.504436860068259,0.110249365415878,NA
"4RB",53.314776980707,62.7976147236252,25.0942035849043,28.6675824524931,53.314776980707,0.606595448890981,2.12458533702098,1.32108305345031,4.62706024167991,0.367229442837198,0.176547634468961,0.118283748578666,0.334643119305669,0.32107028225168,0.118283748578666,0.389792805389603,0.527569892473119,0.650946993771451,0.881032258064517,0.303443612562256,0.266102359534512,0.423881155235437,0.417871774319541,0.266102359534512,0.439783858696144,0.715869551675903,0.825448666388302,1.3436454182079,"Vehicle","growing","restricted",0.028009645,7.81081081081081,40,NA,"low","low","low",0.0280096449579857,0.30318040917295,0.164444034127445,0.224308970851053,0.280056940890566,0.0280096449579857,0.30318040917295,0.164444034127445,0.224308970851053,0.280056940890566,0.244984442858644
"5LA",41.1287139668391,NA,15.8426660535938,35.1720187405611,41.1287139668391,2.59607277131928,2.59607277131928,2.59607277131928,2.59607277131928,0.390197493602782,0.247129453447936,NA,0.582442096975264,0.19982284626993,0.247129453447936,0.424298749577559,0.424298749577559,0.424298749577559,0.424298749577559,0.346107123544953,NA,0.461222343214358,0.517246821387525,0.346107123544953,0.750412742654351,0.750412742654351,0.750412742654351,0.750412742654351,"Vehicle","stable","Infiltrating",0.045395179,0.500000000000001,6,NA,"low","low","high",0.0453951787168959,0.348773829788185,0,0.477254010165589,0.12857698132933,0.0453951787168959,0.348773829788185,0,0.477254010165589,0.12857698132933,NA
"5LB",41.9117660468402,NA,NA,15.0586712374606,41.9117660468402,NA,NA,NA,NA,0.337961750065496,0.280717841236573,NA,NA,0.650248886560126,0.280717841236573,NA,NA,NA,NA,0.417285552973028,NA,NA,0.527887120642489,0.417285552973028,NA,NA,NA,NA,"Vehicle","growing","restricted",0.025782962,4,4,NA,"high","high","low",0.0257829624400936,0.470588036624371,0,0,0.503629000935536,0.0257829624400936,0.470588036624371,0,0,0.503629000935536,NA
"5LC",82.6844819777013,NA,23.5663635673463,61.0293555829066,82.6844819777013,3.50858042826215,3.50858042826215,3.50858042826215,3.50858042826215,0.529703235196541,0.116854485718261,NA,0.451653984867456,0.106666238589056,0.116854485718261,0.258725683008318,0.258725683008318,0.258725683008318,0.258725683008318,0.172779600218802,NA,0.346380943880829,0.210578602800077,0.172779600218802,0.498813815457025,0.498813815457025,0.498813815457025,0.498813815457025,"Vehicle","growing","restricted",0.05150546,3.5,22,NA,"low","low","high",0.0515054602700039,0.2846329724021,0,0.459279482481496,0.2045820848464,0.0515054602700039,0.2846329724021,0,0.459279482481496,0.2045820848464,NA
"5LD",91.4153920179871,174.120791862865,36.4707396817286,28.6802979136778,91.4153920179871,0.43408864234709,2.5065406628916,1.26090627639803,7.28080061435887,0.494372060750906,0.0735101380001542,0.0027368745663403,0.140004625703492,0.253064528563719,0.0027368745663403,0.514987847691063,0.525055066079297,0.534161490683231,0.544603524229076,0.171681233521767,0.231961806369976,0.43720147168313,0.227337584769034,0.171681233521767,0.256561050422946,0.39268219491767,0.603205604865408,0.923242637628381,"Vehicle","stable","restricted",0.034810776,0.929976851851852,15,NA,"low","low","high",0.0348107762848735,0.237492099743837,0.00956350329898595,0.0727252965195933,0.64540832415271,0.0348107762848735,0.237492099743837,0.00956350329898595,0.0727252965195933,0.64540832415271,NA
"5RB",39.0060168186523,NA,20.8880435007379,28.6650991971117,39.0060168186523,1.86738489017769,1.86738489017769,1.86738489017769,1.86738489017769,0.482081474048295,0.193431475115827,NA,0.521307940303606,0.294505412387642,0.193431475115827,0.371050314336616,0.371050314336616,0.371050314336616,0.371050314336616,0.410075688177153,NA,0.505973666039572,0.648772754193507,0.410075688177153,0.810468440752964,0.810468440752964,0.810468440752964,0.810468440752964,"Vehicle","growing","restricted",0.059667229,10.3571428571429,35,"high","high","low","high",0.0596672294268477,0.343537541709383,0,0.462561160757366,0.134234068106403,0.0596672294268477,0.343537541709383,0,0.462561160757366,0.134234068106403,0.256966970951017
"6LDU",111.447853299894,NA,21.0949983566855,421.712247888895,111.447853299894,5.28314112262415,5.28314112262415,5.28314112262415,5.28314112262415,0.411064068557437,0.109288920628443,NA,0.622245460110182,0.0145633544174658,0.109288920628443,0.175636348731401,0.175636348731401,0.175636348731401,0.175636348731401,0.23782868951557,NA,0.485250447366062,0.135839893266707,0.23782868951557,0.49011534313158,0.49011534313158,0.49011534313158,0.49011534313158,"LY","growing","restricted",0.05562527,2.19745222929936,32,NA,"low","low","high",0.0556252700006171,0.267647665953286,0,0.647133932365244,0.0295931316808527,0.0556252700006171,0.267647665953286,0,0.647133932365244,0.0295931316808527,NA
"6ND",28.4155576684344,47.8689096441585,30.7031325699884,51.9269272737,28.4155576684344,0.361649727659976,0.925493762034235,0.970885637726976,2.48458254670597,0.599144867442707,0.275662786463534,0.0305404484747395,0.212908038011112,0.079839780108771,0.0305404484747395,1.13232491375359,1.29475048964167,1.25777423946347,1.43819480841908,0.382247439830779,0.385350707858219,0.424892600581599,0.326878320261116,0.382247439830779,0.471768709286627,0.899633082118995,0.947367463197029,1.80656981702741,"LY","growing",NA,0.081590113,30,40,"high","low","high","high",0.0815901125430434,0.469847319830979,0.107080733317169,0.25345808938465,0.0880237449241583,0.0815901125430434,0.469847319830979,0.107080733317169,0.25345808938465,0.0880237449241583,NA
"6RB",76.3795461306288,NA,15.7533613944404,43.3021456962063,76.3795461306288,4.84846022497677,4.84846022497677,4.84846022497677,4.84846022497677,0.525801426992262,0.144683951361672,NA,0.671251633001708,0.265350216058688,0.144683951361672,0.215543537249471,0.215543537249471,0.215543537249471,0.215543537249471,0.547165226053637,NA,0.751339913110662,0.582774654709596,0.547165226053637,0.72825257450824,0.72825257450824,0.72825257450824,0.72825257450824,"LY","growing","Infiltrating",0.155480427,2.8,18,NA,"high","low","high",0.155480427254777,0.177143939704656,0,0.483032657373934,0.184342975666633,0.155480427254777,0.177143939704656,0,0.483032657373934,0.184342975666633,0.114344669757582
"6RC",50.2145283791539,66.4967414431172,18.1618832812065,34.8130814419572,50.2145283791539,0.593141319536774,2.76483047499346,1.37861051017922,6.42616561373023,0.383061827188721,0.196602203804262,0.0674351401987869,0.542485154488584,0.241199072750945,0.0674351401987869,0.322340813245172,0.362410293033004,0.432904670172334,0.486718100612291,0.520485543580301,0.536245798401035,0.688083996960627,0.57307931907017,0.520485543580301,0.425118742966271,0.756427334278033,0.863110042722747,1.53575921929456,"LY","growing","restricted",0.078801021,8.21428571428571,40,NA,"high","low","high",0.0788010213529223,0.247887779298085,0.119228740414807,0.391436209983915,0.162646248950271,0.0788010213529223,0.247887779298085,0.119228740414807,0.391436209983915,0.162646248950271,0.108067761591177
"7NB",80.1757958702196,NA,23.0233995983015,30.7152673543528,80.1757958702196,3.4823613049801,3.4823613049801,3.4823613049801,3.4823613049801,0.388782565748858,0.0728176318063958,NA,0.384677120632177,0.306087171255711,0.0728176318063958,0.189295458192906,0.189295458192906,0.189295458192906,0.189295458192906,0.158533006621972,NA,0.291404997622347,0.26829979389929,0.158533006621972,0.544029813886125,0.544029813886125,0.544029813886125,0.544029813886125,"LY","growing","restricted",0.020673411,2.88785046728972,31,NA,"low","low","low",0.0206734110298608,0.26649275033072,0,0.346743567637522,0.366090271001897,0.0206734110298608,0.26649275033072,0,0.346743567637522,0.366090271001897,0.238777705969805
"7NC",89.3439919916032,NA,18.5242660198185,73.4872616229125,89.3439919916032,4.82307865240205,4.82307865240205,4.82307865240205,4.82307865240205,0.552614212719422,0.0531232912872146,NA,0.523379904594905,0.0517751758206535,0.0531232912872146,0.101500441306267,0.101500441306267,0.101500441306267,0.101500441306267,0.182846773852483,NA,0.287835744874945,0.273892491468577,0.182846773852483,0.635246932002569,0.635246932002569,0.635246932002569,0.635246932002569,"LY","growing","restricted",0.047945651,3.44444444444444,40,NA,"low","low","high",0.0479456512895615,0.140550899935816,0,0.735945452408718,0.0755579963659046,0.0479456512895615,0.140550899935816,0,0.735945452408718,0.0755579963659046,0.238762369875553
"7RA",33.3595777381586,39.1764931259774,17.0139243356616,25.1219651776875,33.3595777381586,0.593688020932271,1.96072211678032,1.29089752560846,4.26333569099626,0.295153460051016,0.225129597630215,0.18667544364903,0.499218300008228,0.190844510271812,0.18667544364903,0.328228096133084,0.450964232734466,0.600391890270725,0.824899730784023,0.398924333960575,0.415875969852202,0.459810870959355,0.429381919000036,0.398924333960575,0.455555930920311,0.867583519998678,0.930469964648147,1.77203358005166,"LY","stable","restricted",0.03193098,1.11538461538462,8,"high","low","low","low",0.0319309795486363,0.232309502529544,0.193193417623739,0.338371256425673,0.204194843872407,0.0319309795486363,0.232309502529544,0.193193417623739,0.338371256425673,0.204194843872407,NA
"7RB",34.3973736056909,14.9960405514937,27.3522464773458,37.0914136017499,14.9960405514937,0.812249467900934,1.2575703291567,1.16636156082411,1.80582659629417,0.0670603121045972,0.191733445803458,0.67874314635175,0.115563053563897,0.10970054829186,0.191733445803458,0.241384803270854,1.65912408759124,1.09589550257527,7.53248175182482,0.653670407510972,0.695869580459834,0.670192422055644,0.638745276513459,0.653670407510972,0.478507129476772,0.975347356966534,0.987905369950816,2.01366047057267,"LY","growing",NA,0.016946911,3.96153846153846,20,"high","high","low","low",0.0169469113521434,0.203565927487804,0.525612994299805,0.119487518539035,0.134386648321212,0.0169469113521434,0.203565927487804,0.525612994299805,0.119487518539035,0.134386648321212,NA
"7RD",44.137697243663,NA,14.334286608678,38.1089497207397,44.137697243663,3.07916943818759,3.07916943818759,3.07916943818759,3.07916943818759,0.301384137470017,0.238645747316268,NA,0.684243639652393,0.174590067240769,0.238645747316268,0.348773059019597,0.348773059019597,0.348773059019597,0.348773059019597,0.358541718556361,NA,0.467411878701415,0.431686363444575,0.358541718556361,0.767078747661437,0.767078747661437,0.767078747661437,0.767078747661437,"LY","stable","Infiltrating",0.032169008,0.996699669966997,20,NA,"low","low","low",0.0321690077775606,0.255333197983413,0,0.560654157551102,0.151843636687924,0.0321690077775606,0.255333197983413,0,0.560654157551102,0.151843636687924,NA
"8LD",16.3662319888764,350.732082707665,292.950791222238,22.7293734162238,16.3662319888764,0.0254259242427175,0.0558668297859645,0.570309277385743,1.25310572866162,0.345674300254453,0.65089058524173,0.00089058524173028,0.00356234096692112,0.387150127226463,0.00089058524173028,146.171428571428,182.714285714286,146.371428571428,182.964285714286,0.709172101080335,0.187364889222113,0.196174935619057,0.637528194293471,0.187364889222113,1.84901815965008,3.6149985156995,2.33753298154558,4.5700893820778,"LY","stable","Infiltrating",0.056233634,0.241803278688525,6,"high","high","high","high",0.0562336342953625,0.593615407729621,0.00185299125731538,0.00363443845064175,0.34466352826706,0.0562336342953625,0.593615407729621,0.00185299125731538,0.00363443845064175,0.34466352826706,0.445971508497105
"8RCL",15.1296644410754,NA,36.8731415232591,33.1293133462461,15.1296644410754,0.410316664543806,0.410316664543806,0.410316664543806,0.410316664543806,0.105135015493581,0.618636564851704,NA,0.366976538291279,0.267374944665781,0.618636564851704,1.68576598311218,1.68576598311218,1.68576598311218,1.68576598311218,0.678353476994118,NA,0.61269691489225,0.48860297771192,0.678353476994118,1.10715993586064,1.10715993586064,1.10715993586064,1.10715993586064,"LY","growing","restricted",0.017669074,12,12,"high","high","high","low",0.0176690744267719,0.553603622981529,0,0.248645879366917,0.180081423224782,0.0176690744267719,0.553603622981529,0,0.248645879366917,0.180081423224782,0.415612058953682
"8RCU",50.0010143574618,NA,24.5631667570772,37.0732105268674,50.0010143574618,2.03560944938239,2.03560944938239,2.03560944938239,2.03560944938239,0.27468062476846,0.234742288985289,NA,0.469735536992555,0.28898528902114,0.234742288985289,0.49973287200753,0.49973287200753,0.49973287200753,0.49973287200753,0.427262594665566,NA,0.421910826728985,0.509879295966841,0.427262594665566,1.01268459493697,1.01268459493697,1.01268459493697,1.01268459493697,"LY","growing","restricted",0.028766801,5.51428571428571,27,NA,"high","low","low",0.0287668011746126,0.257857507750422,0,0.507401833149184,0.205973857925782,0.0287668011746126,0.257857507750422,0,0.507401833149184,0.205973857925782,NA
